Transaction Date,Post Date,Description,Category,Type,Amount,Memo
12/29/2024,12/30/2024,UDEMY: ONLINE COURSES,Education,Sale,-15.99,
12/29/2024,12/30/2024,SEPHORA.COM,Shopping,Sale,-50.42,
12/28/2024,12/29/2024,TARGET.COM  *,Shopping,Sale,-13.37,
12/28/2024,12/29/2024,TARGET.COM  *,Shopping,Return,0.10,
12/27/2024,12/29/2024,ALAMEDA COUNTY WATER,Bills & Utilities,Sale,-88.60,
12/25/2024,12/27/2024,AVACHI BRIYANI HOUSE,Food & Drink,Sale,-44.71,
12/26/2024,12/27/2024,Temu.com,Shopping,Sale,-35.16,
12/23/2024,12/23/2024,COMCAST CALIFORNIA,Bills & Utilities,Sale,-50.00,
12/21/2024,12/23/2024,TST*MYLAPORE - MILPITAS,Food & Drink,Sale,-57.33,
12/23/2024,12/23/2024,Amazon.com*Z929Y8UK0,Shopping,Sale,-25.00,
12/20/2024,12/22/2024,YMCA SILICON VALLEY-AO DR,Gifts & Donations,Sale,-131.00,
12/21/2024,12/22/2024,INDIA CASH &amp; CARRY,Groceries,Sale,-21.31,
12/20/2024,12/22/2024,AMC 0433 SARATOGA 14,Entertainment,Sale,-119.94,
12/21/2024,12/22/2024,Amazon.com*ZE5RB5LI2,Shopping,Sale,-50.00,
12/21/2024,12/22/2024,INDIA CASH &amp; CARRY,Groceries,Sale,-24.29,
12/21/2024,12/22/2024,SQ *HALAL MEATS DELI &amp; GR,Food & Drink,Sale,-13.11,
12/20/2024,12/22/2024,PROMISEPAY* SJWATER,Bills & Utilities,Sale,-53.00,
12/20/2024,12/20/2024,AUTOMATIC PAYMENT - THANK,,Payment,3683.25,
12/18/2024,12/20/2024,Rancho Park Compounding P,Health & Wellness,Sale,-46.00,
12/18/2024,12/18/2024,LinkedInPreA *28753916,Bills & Utilities,Sale,-39.99,
12/15/2024,12/16/2024,COSTCO GAS #1660,Gas,Sale,-54.58,
12/13/2024,12/15/2024,INDIA CASH &amp; CARRY,Groceries,Sale,-17.49,
12/13/2024,12/15/2024,INDIA CASH &amp; CARRY,Groceries,Sale,-38.84,
12/10/2024,12/12/2024,TST*MYLAPORE - WESTGATE,Food & Drink,Sale,-35.01,
11/13/2024,12/11/2024,Temu.com,Shopping,Return,11.65,
12/10/2024,12/10/2024,AMAZON MKTPLACE PMTS,Shopping,Return,17.61,
12/06/2024,12/08/2024,AMAZON MKTPLACE PMTS,Shopping,Return,49.05,
12/06/2024,12/08/2024,BOTTLE SHOP,Groceries,Sale,-14.94,
12/05/2024,12/06/2024,AMAZON MKTPLACE PMTS,Shopping,Return,121.74,
11/16/2024,12/06/2024,Temu.com,Shopping,Return,23.54,
12/03/2024,12/05/2024,SAFEWAY #0919,Groceries,Sale,-5.49,
12/03/2024,12/04/2024,WF* WAYFAIR4269365907,Home,Return,72.00,
11/30/2024,12/02/2024,PARTY CITY 546,Shopping,Sale,-29.53,
11/29/2024,12/01/2024,SAFEWAY #0919,Groceries,Sale,-7.98,
11/30/2024,12/01/2024,INDIA CASH &amp; CARRY,Groceries,Sale,-57.91,
11/29/2024,12/01/2024,ROSS STORES #1432,Shopping,Sale,-8.74,
11/29/2024,12/01/2024,COSTCO WHSE #0470,Shopping,Sale,-29.18,
11/29/2024,12/01/2024,THE HOME DEPOT #6635,Home,Sale,-186.68,
11/29/2024,12/01/2024,SARATOGA HARDWARE,Home,Sale,-27.47,
11/30/2024,12/01/2024,Amazon.com,Shopping,Return,16.00,
11/30/2024,12/01/2024,Amazon.com,Shopping,Return,16.00,
11/29/2024,12/01/2024,KAISER PHARM #02453,Health & Wellness,Sale,-11.32,
11/30/2024,12/01/2024,Amazon.com,Shopping,Return,18.00,
11/29/2024,12/01/2024,SAFEWAY #0919,Groceries,Sale,-17.97,
11/29/2024,12/01/2024,AMAZON MKTPL*Z39GO2S72,Shopping,Sale,-23.53,
11/27/2024,11/28/2024,Amazon.com*Z34PH3ML0,Shopping,Sale,-145.41,
11/27/2024,11/28/2024,THE MYSTERY SPOT,Entertainment,Sale,-5.00,
11/26/2024,11/27/2024,AMAZON MKTPL*YX9IN4MA3,Shopping,Sale,-23.76,
11/26/2024,11/27/2024,AMAZON MKTPL*VF8Z70XH3,Shopping,Sale,-26.18,
11/26/2024,11/27/2024,AMAZON MKTPL*6Y9JD74X3,Shopping,Sale,-6.54,
11/26/2024,11/27/2024,AMAZON MKTPL*Z37YK3ZO2,Shopping,Sale,-60.22,
11/25/2024,11/26/2024,AMAZON MKTPL*Z35LH3ZW0,Shopping,Sale,-19.51,
11/25/2024,11/26/2024,AMAZON MKTPL*MV7C43J53,Shopping,Sale,-60.01,
11/24/2024,11/26/2024,TST*ANJAPPAR SANTA CLARA,Food & Drink,Sale,-75.68,
11/24/2024,11/25/2024,COSTCO GAS #0423,Gas,Sale,-17.75,
11/22/2024,11/24/2024,APNI MANDI FARMERS MAR,Groceries,Sale,-29.02,
11/22/2024,11/24/2024,APNI MANDI FARMERS MAR,Groceries,Sale,-104.72,
11/23/2024,11/24/2024,CINELOUNGE FREMONT,Entertainment,Sale,-7.50,
11/22/2024,11/24/2024,COSTCO GAS #1660,Gas,Sale,-56.35,
11/23/2024,11/24/2024,CINELOUNGE FREMONT,Entertainment,Sale,-29.25,
11/22/2024,11/24/2024,PANWAARI PAAN SHOP,Food & Drink,Sale,-5.00,
11/13/2024,11/22/2024,Temu.com,Shopping,Return,9.72,
11/21/2024,11/21/2024,AUTOMATIC PAYMENT - THANK,,Payment,1591.64,
11/20/2024,11/21/2024,aliexpress,Shopping,Return,41.35,
11/20/2024,11/21/2024,Temu.com,Shopping,Sale,-13.82,
11/20/2024,11/21/2024,aliexpress,Shopping,Return,41.35,
11/20/2024,11/21/2024,WF* WAYFAIR4269365907,Home,Sale,-242.21,
11/21/2024,11/21/2024,WF* WAYFAIR4282846257,Home,Sale,-73.41,
11/20/2024,11/21/2024,YMCA SILICON VALLEY-AO DR,Gifts & Donations,Sale,-131.00,
11/19/2024,11/20/2024,COSTCO GAS #0423,Gas,Sale,-38.88,
11/19/2024,11/20/2024,COSTCO WHSE #0423,Shopping,Sale,-119.64,
11/20/2024,11/20/2024,AMAZON MKTPL*Q692D4BV3,Shopping,Sale,-203.94,
11/20/2024,11/20/2024,Temu.com,Shopping,Sale,-23.93,
11/18/2024,11/18/2024,Temu.com,Shopping,Sale,-17.15,
11/16/2024,11/18/2024,YMCA SILICON VALLEY INTER,Gifts & Donations,Sale,-152.23,
11/17/2024,11/18/2024,Amazon Prime*4C3NW0KV3,Bills & Utilities,Sale,-16.36,
11/16/2024,11/17/2024,aliexpress,Shopping,Sale,-41.35,
11/16/2024,11/17/2024,Temu.com,Shopping,Sale,-37.27,
11/16/2024,11/17/2024,aliexpress,Shopping,Sale,-41.35,
11/15/2024,11/15/2024,Temu.com,Shopping,Sale,-40.76,
11/12/2024,11/13/2024,COSTCO GAS #0423,Gas,Sale,-41.82,
11/12/2024,11/13/2024,CVS/PHARMACY #09498,Health & Wellness,Sale,-7.97,
11/13/2024,11/13/2024,Temu.com,Shopping,Sale,-95.46,
11/11/2024,11/12/2024,WCI*WVCOLLECT&amp;RECYCLE,Bills & Utilities,Sale,-183.01,
11/10/2024,11/11/2024,Amazon.com*CW7V78NB3,Shopping,Sale,-50.00,
11/08/2024,11/10/2024,DD *DOORDASH MUNCHKART,Food & Drink,Sale,-24.65,
11/09/2024,11/10/2024,DD *DOORDASH MUNCHKART,Food & Drink,Return,2.51,
11/08/2024,11/10/2024,TST*ANJAPPAR SANTA CLARA,Food & Drink,Sale,-125.22,
11/08/2024,11/10/2024,BA@ADOBELEHIQSR,Food & Drink,Sale,-4.00,
11/08/2024,11/10/2024,COSTCO GAS #0423,Gas,Sale,-83.55,
11/06/2024,11/07/2024,DD *DOORDASH SAFFRONVA,Food & Drink,Sale,-20.26,
11/06/2024,11/06/2024,INDIA CASH &amp; CARRY,Groceries,Sale,-49.59,
11/05/2024,11/06/2024,DD *DOORDASH WALGREENS,Food & Drink,Sale,-12.61,
11/05/2024,11/06/2024,DD *DOORDASH PIQUETHAI,Food & Drink,Sale,-19.84,
11/04/2024,11/05/2024,AMZN Mktp US*8Q2863483,Shopping,Sale,-371.23,
11/04/2024,11/05/2024,DD *DOORDASH MUNCHKART,Food & Drink,Sale,-15.63,
11/04/2024,11/05/2024,COMCAST CALIFORNIA,Bills & Utilities,Sale,-130.00,
11/04/2024,11/05/2024,AMAZON MKTPL*GR0XA84N3,Shopping,Sale,-109.11,
11/03/2024,11/04/2024,AMAZON MKTPL*BD3W69NV3,Shopping,Sale,-260.47,
11/03/2024,11/04/2024,Temu.com,Shopping,Sale,-22.91,
11/02/2024,11/04/2024,5239 GREAT CLIPS OF EL PA,Personal,Sale,-30.00,
11/02/2024,11/04/2024,TST*MYLAPORE - WESTGATE,Food & Drink,Sale,-122.71,
11/03/2024,11/04/2024,TST*MYLAPORE - WESTGATE,Food & Drink,Sale,-8.76,
11/02/2024,11/03/2024,TEMU.COM,Shopping,Sale,-19.78,
11/02/2024,11/03/2024,TEMU.COM,Shopping,Sale,-25.51,
11/02/2024,11/03/2024,Temu.com,Shopping,Sale,-52.36,
11/01/2024,11/03/2024,IN *JYOTI THREADING SALON,Personal,Sale,-103.40,
11/01/2024,11/01/2024,ANNUAL MEMBERSHIP FEE,Fees & Adjustments,Fee,-95.00,
10/31/2024,11/01/2024,INDIA CASH &amp; CARRY,Groceries,Sale,-52.43,
10/30/2024,11/01/2024,HALAL MEATS,Groceries,Sale,-30.12,
10/31/2024,11/01/2024,BIG BASIN ALLIANCE,Gas,Sale,-30.00,
10/30/2024,10/31/2024,DD *DOORDASH INDIACASH,Food & Drink,Sale,-19.46,
10/28/2024,10/29/2024,GOOGLE STORE MTV,Shopping,Sale,-128.77,
10/27/2024,10/28/2024,COSTCO WHSE #0143,Shopping,Sale,-75.96,
10/26/2024,10/27/2024,ALAMEDA COUNTY WATER,Bills & Utilities,Sale,-148.24,
10/25/2024,10/27/2024,APNI MANDI FARMERS MAR,Groceries,Sale,-43.59,
10/20/2024,10/22/2024,HALAL MEATS,Groceries,Sale,-27.00,
10/20/2024,10/22/2024,TRADER JOE S #232,Groceries,Sale,-21.34,
10/21/2024,10/21/2024,AUTOMATIC PAYMENT - THANK,,Payment,61.98,
10/20/2024,10/21/2024,99 RANCH #1779,Groceries,Sale,-25.77,
10/19/2024,10/21/2024,THE HOME DEPOT #6635,Home,Sale,-94.97,
10/19/2024,10/20/2024,INDIA CASH &amp; CARRY,Groceries,Sale,-5.49,
10/19/2024,10/20/2024,INDIA CASH &amp; CARRY,Groceries,Sale,-28.43,
10/19/2024,10/20/2024,INDIA CASH &amp; CARRY,Groceries,Sale,-79.88,
10/17/2024,10/18/2024,Amazon Prime*EP9DC3SG3,Bills & Utilities,Sale,-16.36,
10/18/2024,10/18/2024,WAL-MART #2989,Shopping,Sale,-23.12,
10/15/2024,10/16/2024,TEMU.COM,Shopping,Sale,-58.37,
10/12/2024,10/13/2024,COSTCO WHSE #0778,Shopping,Sale,-4.39,
10/11/2024,10/13/2024,APNI MANDI FARMERS MAR,Groceries,Sale,-43.96,
10/11/2024,10/13/2024,APNI MANDI FARMERS MAR,Groceries,Sale,-73.27,
10/11/2024,10/13/2024,CVS/PHARMACY #09834,Health & Wellness,Sale,-24.00,
10/12/2024,10/13/2024,COSTCO GAS #0778,Gas,Sale,-39.73,
10/12/2024,10/13/2024,COSTCO WHSE #0778,Shopping,Sale,-63.25,
10/12/2024,10/13/2024,AMAZON MKTPL*U295V0NB3,Shopping,Sale,-12.50,
10/09/2024,10/11/2024,AMC 0433 SARATOGA 14,Entertainment,Sale,-44.00,
10/07/2024,10/10/2024,SINGAPOREAIR6182457302172,Travel,Sale,-297.98,
10/09/2024,10/10/2024,KAISER 02090447,Health & Wellness,Sale,-25.00,
10/09/2024,10/10/2024,KAISER 02090447,Health & Wellness,Sale,-10.00,
10/09/2024,10/10/2024,KAISER PHARM 441,Health & Wellness,Sale,-4.90,
10/08/2024,10/08/2024,MINT MOBILE,Bills & Utilities,Sale,-118.51,
10/05/2024,10/07/2024,SPROUTS FARMERS MAR,Groceries,Sale,-36.97,
10/01/2024,10/03/2024,MADRAS GROCERIES,Groceries,Sale,-75.02,
10/02/2024,10/03/2024,CVS/PHARMACY #09600,Health & Wellness,Sale,-36.48,
09/29/2024,10/01/2024,TRADER JOE S #062,Groceries,Sale,-18.90,
09/30/2024,10/01/2024,USPS PO 0570320240,Shopping,Sale,-3.99,
09/29/2024,09/30/2024,THE UPS STORE 0240,Personal,Sale,-1.08,
09/27/2024,09/29/2024,THE HOME DEPOT #6635,Home,Sale,-1.51,
09/26/2024,09/29/2024,TST*MYLAPORE - WESTGATE,Food & Drink,Sale,-15.26,
09/27/2024,09/29/2024,THE HOME DEPOT #6635,Home,Sale,-49.71,
09/26/2024,09/29/2024,TST*MYLAPORE - WESTGATE,Food & Drink,Sale,-45.60,
09/26/2024,09/27/2024,CHEVRON 0091325,Gas,Sale,-20.42,
09/25/2024,09/26/2024,COSTCO GAS #0423,Gas,Sale,-48.45,
09/25/2024,09/26/2024,COSTCO WHSE #0423,Shopping,Sale,-181.24,
09/20/2024,09/22/2024,CHEVRON 0359586,Gas,Sale,-24.57,
09/21/2024,09/22/2024,ARGONAUT E* ORDER 0468,Gifts & Donations,Sale,-15.73,
09/18/2024,09/18/2024,Payment Thank You - Web,,Payment,6658.95,
09/17/2024,09/18/2024,Amazon.com*6Y6B72OH3,Shopping,Sale,-21.68,
09/11/2024,09/12/2024,DD *DOORDASH BIRYANIKA,Food & Drink,Sale,-29.08,
09/07/2024,09/09/2024,THE HOME DEPOT #6964,Home,Return,18.81,
09/08/2024,09/09/2024,Amazon.com*ZT3HN4RP0,Shopping,Sale,-54.20,
09/06/2024,09/08/2024,DD *DOORDASH INDIACASH,Food & Drink,Sale,-17.27,
09/04/2024,09/05/2024,BA MOBILE@ADOBE CAFE,Food & Drink,Sale,-7.50,
09/02/2024,09/03/2024,CHIPOTLE 1241,Food & Drink,Sale,-11.59,
09/01/2024,09/03/2024,THE HOME DEPOT #6964,Home,Sale,-76.62,
09/01/2024,09/02/2024,COSTCO GAS #1660,Gas,Sale,-41.15,
09/01/2024,09/02/2024,COSTCO WHSE #1660,Shopping,Sale,-43.70,
08/29/2024,09/01/2024,CVS/PHARMACY #09600,Health & Wellness,Sale,-21.81,
08/30/2024,09/01/2024,SQ *BIRYANI JUNCTION,Home,Sale,-29.89,
08/30/2024,09/01/2024,76 - DBA BROOKVALE GAS &amp;,Gas,Sale,-20.31,
08/24/2024,08/30/2024,LG ELECTRONICS USA INC,Shopping,Sale,-1636.00,
08/28/2024,08/28/2024,ALAMEDA COUNTY WATER,Bills & Utilities,Sale,-197.94,
08/28/2024,08/28/2024,INDIA CASH AND CARRY,Groceries,Sale,-148.48,
08/25/2024,08/27/2024,LUCKY #712 FREMONT,Groceries,Sale,-8.79,
08/25/2024,08/25/2024,WASTE CONNECTIONS,Bills & Utilities,Sale,-134.85,
08/23/2024,08/25/2024,DD *DOORDASH BHIMAVARA,Food & Drink,Sale,-26.61,
08/23/2024,08/25/2024,COSTCO GAS #1660,Gas,Sale,-83.78,
08/24/2024,08/25/2024,CHEVRON 0091081,Gas,Sale,-31.98,
08/23/2024,08/25/2024,LUCKY #712 FREMONT,Groceries,Sale,-24.67,
08/21/2024,08/22/2024,SQ *MOMO COOK,Food & Drink,Sale,-13.22,
08/21/2024,08/22/2024,CVS/PHARMACY #09600,Health & Wellness,Sale,-69.03,
08/21/2024,08/21/2024,AUTOMATIC PAYMENT - THANK,,Payment,3237.35,
08/19/2024,08/20/2024,CVS/PHARMACY #09600,Health & Wellness,Sale,-2.46,
08/19/2024,08/19/2024,TEMU.COM,Shopping,Sale,-57.23,
08/18/2024,08/19/2024,99 RANCH #1762,Groceries,Sale,-34.53,
08/17/2024,08/18/2024,COSTCO GAS #1660,Gas,Sale,-44.88,
08/17/2024,08/18/2024,COSTCO WHSE #1660,Shopping,Sale,-28.78,
08/13/2024,08/14/2024,SQ *BIRYANI JUNCTION,Home,Sale,-44.27,
08/10/2024,08/12/2024,COSTCO WHSE #1660,Shopping,Sale,-205.70,
08/10/2024,08/11/2024,INDIA CASH &amp; CARRY,Groceries,Sale,-101.40,
08/09/2024,08/11/2024,BOFA NA HOME LOANS,Personal,Sale,-1638.88,
08/07/2024,08/08/2024,HSBC MORTGAGE,Professional Services,Sale,-800.00,
08/04/2024,08/07/2024,PROPERTYREC.COM,Professional Services,Return,10.00,
08/05/2024,08/06/2024,CHIPOTLE 1031,Food & Drink,Return,28.96,
08/04/2024,08/05/2024,INTUIT *TURBOTAX,Shopping,Sale,-64.00,
08/04/2024,08/05/2024,INTUIT *TURBOTAX,Shopping,Sale,-129.00,
08/03/2024,08/04/2024,SCRIBD 626042520,Entertainment,Return,11.99,
08/01/2024,08/04/2024,LUCKY #712 FREMONT,Groceries,Sale,-3.64,
08/02/2024,08/04/2024,CVS/PHARMACY #09600,Health & Wellness,Sale,-21.89,
08/03/2024,08/04/2024,COSTCO WHSE #1660,Shopping,Sale,-107.58,
07/30/2024,07/31/2024,CVS/PHARMACY #09494,Health & Wellness,Sale,-15.08,
07/30/2024,07/30/2024,NETFLIX.COM,Bills & Utilities,Return,15.49,
07/30/2024,07/30/2024,NETFLIX.COM,Bills & Utilities,Sale,-15.49,
07/28/2024,07/29/2024,CHIPOTLE 1031,Food & Drink,Sale,-28.96,
07/26/2024,07/28/2024,KOHLI DENTAL CORP,Health & Wellness,Sale,-487.40,
07/27/2024,07/28/2024,TST* MYLAPORE - WESTGATE,Food & Drink,Sale,-32.72,
07/26/2024,07/28/2024,COCONUT HILL,Groceries,Sale,-12.46,
07/28/2024,07/28/2024,GOOGLE *Google One,Entertainment,Sale,-19.99,
07/24/2024,07/28/2024,THEPROPERTYRECORD.COM,Professional Services,Sale,-10.00,
07/25/2024,07/26/2024,BASKIN #361217,Food & Drink,Sale,-9.95,
07/24/2024,07/25/2024,FASTRAK CSC,Travel,Sale,-25.00,
07/23/2024,07/25/2024,60775 - SFO PARKING IT-G,Travel,Sale,-8.00,
07/22/2024,07/23/2024,SCRIBD 626042520,Entertainment,Sale,-11.99,
07/21/2024,07/21/2024,AUTOMATIC PAYMENT - THANK,,Payment,1841.99,
07/20/2024,07/21/2024,AAA CORP OFFICE,Automotive,Sale,-54.99,
07/20/2024,07/21/2024,7-ELEVEN 18916,Gas,Sale,-20.00,
07/18/2024,07/21/2024,LUCKY #712 FREMONT,Groceries,Sale,-38.11,
07/19/2024,07/21/2024,DOMINOS 7978,Food & Drink,Sale,-13.69,
07/18/2024,07/18/2024,ZILLOW *RENT LISTINGS,Professional Services,Sale,-29.99,
07/16/2024,07/17/2024,CHASE HOME LEND ME CD,Professional Services,Sale,-500.00,
07/15/2024,07/16/2024,COCONUT HILL,Groceries,Sale,-84.04,
07/14/2024,07/15/2024,MED*STANFORD HEALTH CARE,Health & Wellness,Sale,-485.62,
07/12/2024,07/14/2024,LAZY DOG RESTAURANT 29,Food & Drink,Sale,-56.23,
07/13/2024,07/14/2024,TST* CHAIWALA SHOP,Food & Drink,Sale,-6.62,
07/13/2024,07/14/2024,SQ *MOMO COOK,Food & Drink,Sale,-26.44,
07/12/2024,07/14/2024,GOOGLE *Disney Mobile,Shopping,Sale,-10.99,
07/11/2024,07/14/2024,SHELL OIL 57444675607,Gas,Sale,-20.69,
07/14/2024,07/14/2024,LinkedIn Pre 9745177976,Bills & Utilities,Sale,-39.99,
07/12/2024,07/12/2024,CODEMONKEY* TRIAL OVER,Entertainment,Sale,-30.00,
07/11/2024,07/11/2024,Amazon.com*RY7OO6BM0,Shopping,Sale,-16.75,
07/10/2024,07/11/2024,CVS/PHARMACY #09600,Health & Wellness,Sale,-8.49,
07/10/2024,07/11/2024,DD DOORDASH PARADISEB,Food & Drink,Sale,-21.82,
07/09/2024,07/10/2024,COSTCO GAS #1660,Gas,Sale,-46.52,
07/09/2024,07/09/2024,MINT MOBILE,Bills & Utilities,Sale,-102.84,
07/07/2024,07/09/2024,TST* MYLAPORE - FREMONT,Food & Drink,Sale,-4.41,
07/07/2024,07/08/2024,VENDING MACHINE,Groceries,Sale,-17.00,
07/06/2024,07/08/2024,STARBUCKS STORE 05417,Food & Drink,Sale,-7.25,
07/06/2024,07/07/2024,SQ *MOMO GRILL RESTAURANT,Food & Drink,Sale,-69.96,
07/04/2024,07/07/2024,TST* CHAIWALA SHOP,Food & Drink,Sale,-6.62,
07/05/2024,07/07/2024,APNI MANDI FARMERS MAR,Groceries,Sale,-149.65,
07/06/2024,07/07/2024,ACE HARDWARE CORPORATION,Home,Sale,-38.58,
07/05/2024,07/07/2024,SPROUTS FARMERS MAR,Groceries,Sale,-5.52,
07/04/2024,07/05/2024,CHEVRON 0206556,Gas,Sale,-49.30,
07/01/2024,07/02/2024,FD *CA DMV 644 *SVC,Bills & Utilities,Sale,-0.76,
07/01/2024,07/02/2024,FD *CA DMV 644,Bills & Utilities,Sale,-36.00,
06/30/2024,07/02/2024,AMC 0456 NEWPARK 12,Entertainment,Sale,-9.49,
07/01/2024,07/02/2024,CVS/PHARMACY #09494,Health & Wellness,Sale,-4.97,
06/30/2024,07/02/2024,AMC 0456 NEWPARK 12,Entertainment,Sale,-8.00,
07/01/2024,07/02/2024,COSTCO *ANNUAL RENEWAL,Shopping,Sale,-120.00,
06/30/2024,07/01/2024,ALAMEDA COUNTY FAIR,Bills & Utilities,Sale,-36.30,
06/29/2024,07/01/2024,ALAMEDA COUNTY FAIR,Entertainment,Sale,-15.00,
06/30/2024,07/01/2024,DD DOORDASH DOSAHUT,Food & Drink,Sale,-46.63,
06/29/2024,07/01/2024,SAFEWAY FUEL2856,Gas,Sale,-49.77,
06/29/2024,07/01/2024,BUTLER AMUSEMENTS INC,Entertainment,Sale,-20.00,
06/30/2024,07/01/2024,DD DOORDASH CHAATBHAV,Food & Drink,Sale,-42.75,
06/29/2024,07/01/2024,BUTLER AMUSEMENTS INC,Entertainment,Sale,-20.00,
06/29/2024,07/01/2024,BUTLER-SKY RIDE 1,Food & Drink,Sale,-21.00,
06/30/2024,07/01/2024,COSTCO WHSE #1660,Shopping,Sale,-130.63,
06/29/2024,07/01/2024,BUTLER AMUSEMENTS INC,Entertainment,Sale,-8.00,
06/28/2024,06/30/2024,APNI MANDI FARMERS MAR,Groceries,Sale,-43.99,
06/29/2024,06/30/2024,SQ *COLD STONE CREAMERY,Food & Drink,Sale,-10.80,
06/29/2024,06/30/2024,NETFLIX.COM,Bills & Utilities,Sale,-15.49,
06/28/2024,06/30/2024,7-ELEVEN 24109,Gas,Sale,-14.85,
06/29/2024,06/30/2024,GOOGLE *Willow Watch L,Professional Services,Sale,-9.99,
06/27/2024,06/28/2024,VENDING MACHINE,Groceries,Sale,-8.50,
06/27/2024,06/28/2024,BA@ADOBENT 7,Food & Drink,Sale,-4.00,
06/28/2024,06/28/2024,ALAMEDA COUNTY WATER,Bills & Utilities,Sale,-173.09,
06/27/2024,06/28/2024,DD DOORDASH BHIMAVARA,Food & Drink,Sale,-28.01,
06/25/2024,06/27/2024,BA@ADBTEMPLATE,Food & Drink,Sale,-5.25,
06/24/2024,06/27/2024,THEPROPERTYRECORD.COM,Professional Services,Sale,-10.00,
06/24/2024,06/26/2024,FIRESTONE15458,Automotive,Sale,-436.42,
06/24/2024,06/24/2024,UBER   TRIP,Travel,Sale,-11.87,
06/23/2024,06/24/2024,WHOLEFDS FRE #10467,Groceries,Sale,-14.19,
06/24/2024,06/24/2024,AMAUSAAN UJI MATCHA(NE,Food & Drink,Sale,-12.47,
06/22/2024,06/23/2024,SCRIBD 626042520,Entertainment,Sale,-11.99,
06/22/2024,06/23/2024,COSTCO GAS #0423,Gas,Sale,-51.67,
06/21/2024,06/21/2024,AUTOMATIC PAYMENT - THANK,,Payment,1930.31,
06/20/2024,06/21/2024,COSTCO WHSE #1660,Shopping,Sale,-86.58,
06/20/2024,06/21/2024,AMAZON MKTPL*N78NK4HQ3,Shopping,Sale,-53.53,
06/20/2024,06/21/2024,ID COMPANY,Food & Drink,Sale,-14.40,
06/19/2024,06/21/2024,SIMPLY THAI,Food & Drink,Sale,-56.97,
06/19/2024,06/20/2024,SYNERGY BADMINTON ACADEM,Health & Wellness,Sale,-67.50,
06/19/2024,06/20/2024,DD DOORDASH BHIMAVARA,Food & Drink,Sale,-17.60,
06/18/2024,06/19/2024,CVS/PHARMACY #09600,Health & Wellness,Sale,-32.46,
06/16/2024,06/17/2024,LORI'S HAIR AND NAILS,Personal,Sale,-18.00,
06/15/2024,06/16/2024,DD DOORDASH CHAATBHAV,Food & Drink,Sale,-49.51,
06/14/2024,06/14/2024,LinkedIn Pre 9658365326,Bills & Utilities,Sale,-39.99,
06/13/2024,06/14/2024,COSTCO WHSE #1660,Shopping,Sale,-345.93,
06/13/2024,06/14/2024,COSTCO WHSE #1660,Shopping,Return,13.28,
06/12/2024,06/13/2024,DD DOORDASH BIRYANIBI,Food & Drink,Sale,-37.78,
06/12/2024,06/13/2024,GOOGLE *Disney Mobile,Shopping,Sale,-10.99,
06/11/2024,06/12/2024,COSTCO GAS #0778,Gas,Sale,-31.95,
06/09/2024,06/10/2024,SQ *CAKES &amp; BAKES,Food & Drink,Sale,-32.33,
06/08/2024,06/10/2024,TST* CHAIWALA SHOP,Food & Drink,Sale,-27.56,
06/07/2024,06/09/2024,76 - ASHOKA WARM SPRIN,Gas,Sale,-56.71,
06/07/2024,06/09/2024,DD DOORDASH BHIMAVARA,Food & Drink,Sale,-27.92,
06/07/2024,06/09/2024,COSTCO WHSE #1061,Shopping,Sale,-97.65,
06/07/2024,06/09/2024,DD DOORDASH BHIMAVARA,Food & Drink,Sale,-31.43,
06/03/2024,06/05/2024,SHELL OIL 57444675607,Gas,Sale,-25.72,
06/03/2024,06/04/2024,CHIPOTLE 1031,Food & Drink,Sale,-36.84,
06/02/2024,06/03/2024,ICP*Calphin Aquatic Club,Education,Sale,-81.00,
05/31/2024,06/02/2024,APNI MANDI FARMERS MAR,Groceries,Sale,-57.20,
06/01/2024,06/02/2024,DD DOORDASH BIRYANIBI,Food & Drink,Sale,-32.25,
05/30/2024,06/02/2024,85C BAKERY CAFE USA,Food & Drink,Sale,-20.25,
05/29/2024,05/30/2024,Netflix.com,Bills & Utilities,Sale,-15.49,
05/28/2024,05/29/2024,CVS/PHARMACY #09494,Health & Wellness,Sale,-11.40,
05/25/2024,05/29/2024,THEPROPERTYRECORD.COM,Professional Services,Sale,-1.00,
05/27/2024,05/29/2024,TST* KOVAICAFE EXPRESS,Food & Drink,Sale,-61.54,
05/27/2024,05/28/2024,Audible*GP3IV5EP3,Bills & Utilities,Sale,-9.84,
05/26/2024,05/28/2024,THE HOME DEPOT 6964,Home,Sale,-18.02,
05/24/2024,05/26/2024,COCONUT HILL,Groceries,Sale,-107.26,
05/23/2024,05/26/2024,APNI MANDI FARMERS MAR,Groceries,Sale,-19.78,
05/24/2024,05/26/2024,SQ *MOMO COOK,Food & Drink,Sale,-15.42,
05/25/2024,05/26/2024,BEAUTY BY RAJ,Personal,Sale,-90.00,
05/23/2024,05/24/2024,PTI*WINCHESTERHOUSE,Entertainment,Sale,-46.32,
05/22/2024,05/24/2024,TST* MYLAPORE - FREMONT,Food & Drink,Sale,-29.78,
05/23/2024,05/24/2024,BA MOBILE@ADOBE CAFE,Food & Drink,Sale,-6.50,
05/22/2024,05/23/2024,CHEVRON 0098168,Gas,Sale,-28.14,
05/22/2024,05/23/2024,DD DOORDASH CHAATBHAV,Food & Drink,Sale,-43.76,
05/22/2024,05/23/2024,SCRIBD 626042520,Entertainment,Sale,-11.99,
05/22/2024,05/23/2024,DD DOORDASH CVS,Food & Drink,Sale,-25.07,
05/20/2024,05/21/2024,COCONUT HILL,Groceries,Sale,-93.79,
05/19/2024,05/21/2024,STARBUCKS STORE 09865,Food & Drink,Sale,-12.20,
05/20/2024,05/21/2024,COCONUT HILL,Groceries,Sale,-16.65,
05/17/2024,05/19/2024,DD DOORDASH BHIMAVARA,Food & Drink,Sale,-29.92,
05/17/2024,05/19/2024,DD DOORDASH SAFEWAY,Food & Drink,Sale,-21.67,
05/16/2024,05/17/2024,FASTRAK CSC,Travel,Sale,-25.00,
05/16/2024,05/17/2024,DULHAN INC,Groceries,Sale,-7.99,
05/16/2024,05/17/2024,DD DOORDASH CHAATBHAV,Food & Drink,Sale,-24.02,
05/12/2024,05/14/2024,APNI MANDI FARMERS MAR,Groceries,Sale,-86.72,
05/14/2024,05/14/2024,LinkedIn Pre 9556396236,Bills & Utilities,Sale,-39.99,
05/13/2024,05/14/2024,DD DOORDASH DOSAHUT,Food & Drink,Sale,-40.38,
05/12/2024,05/13/2024,COSTCO GAS #1660,Gas,Sale,-36.04,
05/12/2024,05/13/2024,COSTCO WHSE #1660,Shopping,Sale,-138.15,
05/12/2024,05/13/2024,GOOGLE *Disney Mobile,Entertainment,Sale,-10.99,
05/12/2024,05/13/2024,AMAZON PRIME*XW6HE85A3,Shopping,Sale,-2.54,
05/12/2024,05/13/2024,AMAZON PRIME*UB0QC5663,Shopping,Sale,-3.15,
05/11/2024,05/12/2024,INDIA CASH &amp; CARRY,Groceries,Sale,-50.02,
05/11/2024,05/12/2024,BIG BASIN ALLIANCE,Gas,Sale,-28.31,
05/10/2024,05/12/2024,CHEVRON 0098168,Gas,Sale,-11.45,
05/11/2024,05/12/2024,AMZN Mktp US*TP6CV1MS3,Shopping,Sale,-33.38,
05/11/2024,05/12/2024,DD DOORDASH BIRYANIBI,Food & Drink,Sale,-18.97,
05/08/2024,05/10/2024,TST* MYLAPORE - FREMONT,Food & Drink,Sale,-32.60,
05/08/2024,05/10/2024,85C BAKERY CAFE USA,Food & Drink,Sale,-13.10,
05/08/2024,05/09/2024,BA@ADBTEMPLATE,Food & Drink,Sale,-7.50,
05/08/2024,05/09/2024,DD DOORDASH BIRYANIBI,Food & Drink,Sale,-17.87,
05/08/2024,05/09/2024,BA@ADBTEMPLATE,Food & Drink,Sale,-2.50,
05/07/2024,05/08/2024,DULHAN INC,Groceries,Sale,-14.67,
05/07/2024,05/08/2024,DULHAN INC,Groceries,Sale,-38.43,
05/06/2024,05/06/2024,AMAZON PRIME*3T5G71ME3,Shopping,Sale,-5.09,
05/04/2024,05/05/2024,DD DOORDASH BIRYANIBI,Food & Drink,Sale,-18.97,
05/03/2024,05/05/2024,AMAZON PRIME*5S0H27D73,Shopping,Sale,-2.87,
05/03/2024,05/05/2024,KAISER PHARM 161,Health & Wellness,Sale,-9.00,
05/04/2024,05/05/2024,TST* CHAAT BHAVAN FREMONT,Food & Drink,Sale,-30.84,
05/01/2024,05/03/2024,TRADER JOE S #077,Groceries,Sale,-94.39,
05/02/2024,05/03/2024,COSTCO GAS #1660,Gas,Sale,-39.47,
05/02/2024,05/03/2024,CHIPOTLE 1031,Food & Drink,Sale,-21.65,
05/02/2024,05/03/2024,AMAZON PRIME*RR8PF1S52,Shopping,Sale,-1.24,
05/02/2024,05/03/2024,COSTCO WHSE #1660,Shopping,Sale,-88.15,
05/01/2024,05/02/2024,CVS/PHARMACY #09099,Health & Wellness,Sale,-15.49,
05/01/2024,05/02/2024,SPECIALTYS.COM,Food & Drink,Sale,-14.13,
05/01/2024,05/02/2024,CHIPOTLE 1031,Food & Drink,Sale,-22.32,
04/30/2024,05/01/2024,SQ *BIRYANI JUNCTION,Home,Sale,-28.77,
04/29/2024,05/01/2024,STARBUCKS STORE 05286,Food & Drink,Sale,-17.30,
04/29/2024,05/01/2024,STARBUCKS STORE 05286,Food & Drink,Sale,-6.45,
04/29/2024,04/30/2024,Netflix.com,Bills & Utilities,Sale,-15.49,
04/29/2024,04/30/2024,CHIPOTLE 1031,Food & Drink,Sale,-11.74,
04/28/2024,04/29/2024,DD DOORDASH CHAATBHAV,Food & Drink,Sale,-18.52,
04/28/2024,04/29/2024,COCONUT HILL,Groceries,Sale,-117.10,
04/29/2024,04/29/2024,AMAZON PRIME*9Q1OD5Y23,Shopping,Sale,-2.87,
04/28/2024,04/28/2024,Payment Thank You - Web,,Payment,3368.91,
04/26/2024,04/28/2024,LUCKY #712 FREMONT,Groceries,Sale,-9.49,
04/27/2024,04/28/2024,DD DOORDASH BHIMAVARA,Food & Drink,Sale,-28.82,
04/26/2024,04/26/2024,ALAMEDA COUNTY WATER,Bills & Utilities,Sale,-155.61,
04/24/2024,04/25/2024,COSTCO GAS #1660,Gas,Sale,-56.55,
04/24/2024,04/25/2024,DD DOORDASH BIRYANIBI,Food & Drink,Sale,-30.04,
04/24/2024,04/25/2024,COSTCO WHSE #1660,Shopping,Sale,-31.67,
04/23/2024,04/24/2024,KAISER 02090165,Health & Wellness,Sale,-25.00,
04/23/2024,04/24/2024,KAISER PHARM 162,Health & Wellness,Sale,-20.28,
04/21/2024,04/23/2024,LUCKY #712 FREMONT,Groceries,Sale,-6.99,
04/22/2024,04/23/2024,KAISER PHARM 161,Health & Wellness,Sale,-22.04,
04/22/2024,04/23/2024,KAISER PHARM 161,Health & Wellness,Sale,-20.94,
04/22/2024,04/23/2024,SCRIBD 626042520,Entertainment,Sale,-11.99,
04/22/2024,04/23/2024,KAISER 02090165,Health & Wellness,Sale,-10.00,
04/22/2024,04/23/2024,KAISER 02090165,Health & Wellness,Sale,-25.00,
04/21/2024,04/23/2024,APNI MANDI FARMERS MAR,Groceries,Sale,-36.68,
04/19/2024,04/22/2024,ADF SHOPS DEPARTURE HALL,Shopping,Sale,-29.10,
04/19/2024,04/22/2024,ADF SHOPS DEPARTURE HALL,Shopping,Sale,-8.70,
04/22/2024,04/22/2024,UBER *TRIP HELP.UBER.COM,Travel,Sale,-16.89,
04/21/2024,04/21/2024,AUTOMATIC PAYMENT - THANK,,Payment,1852.73,
04/20/2024,04/21/2024,DD *IDLYEXPRESS,Food & Drink,Sale,-29.44,
04/20/2024,04/21/2024,COCONUT HILL,Groceries,Sale,-95.84,
04/20/2024,04/21/2024,IC* INSTACART,Groceries,Sale,-66.83,
04/20/2024,04/21/2024,DD *PARADISEBIRY,Food & Drink,Sale,-39.01,
04/19/2024,04/21/2024,Heinemann Duty Free/Fil.3,Shopping,Sale,-11.43,
04/19/2024,04/21/2024,LHR T3 GLORIOUS BRITAIN A,Shopping,Sale,-5.61,
04/20/2024,04/21/2024,COCONUT HILL,Groceries,Sale,-8.24,
04/18/2024,04/19/2024,DD *CHAATBHAVAN,Food & Drink,Sale,-25.12,
04/18/2024,04/19/2024,CHIPOTLE 1031,Food & Drink,Sale,-17.22,
04/17/2024,04/18/2024,DD *IDLYEXPRESS,Food & Drink,Sale,-27.74,
04/17/2024,04/18/2024,LORI'S HAIR AND NAILS,Personal,Sale,-19.00,
04/14/2024,04/16/2024,APNI MANDI FARMERS MAR,Groceries,Sale,-51.56,
04/15/2024,04/16/2024,TST* MYLAPORE - FREMONT,Food & Drink,Sale,-26.45,
04/14/2024,04/15/2024,CVS/PHARMACY #09600,Health & Wellness,Sale,-40.99,
04/14/2024,04/15/2024,DOSA HUT,Food & Drink,Sale,-37.18,
04/12/2024,04/14/2024,CHEVRON 0098168,Gas,Sale,-18.25,
04/14/2024,04/14/2024,LinkedIn Pre 9451316136,Bills & Utilities,Sale,-39.99,
04/12/2024,04/14/2024,UPPER CRUST,Food & Drink,Sale,-3.51,
04/12/2024,04/14/2024,WORCESTER SH T/O,Travel,Sale,-84.05,
04/12/2024,04/14/2024,UBER   *TRIP,Travel,Sale,-7.31,
04/13/2024,04/14/2024,COSTCO GAS #1660,Gas,Sale,-44.60,
04/13/2024,04/14/2024,COSTCO WHSE #1660,Shopping,Sale,-63.05,
04/12/2024,04/14/2024,CHIPOTLE 1031,Food & Drink,Sale,-9.91,
04/13/2024,04/14/2024,COSTCO WHSE #1660,Shopping,Return,27.68,
04/13/2024,04/14/2024,COSTCO WHSE #1660,Shopping,Sale,-6.61,
04/12/2024,04/14/2024,GOOGLE *Disney Mobile,Shopping,Sale,-10.99,
04/12/2024,04/14/2024,85C BAKERY CAFE USA,Food & Drink,Sale,-17.75,
04/11/2024,04/12/2024,COCONUT HILL,Groceries,Sale,-34.35,
04/12/2024,04/12/2024,LYFT   *1 RIDE 04-10,Travel,Sale,-73.80,
04/11/2024,04/12/2024,DD *IDLYEXPRESS,Food & Drink,Sale,-39.37,
04/10/2024,04/11/2024,UNITED AIRLI0164291617162,Travel,Sale,-75.00,
04/09/2024,04/10/2024,MINT MOBILE,Bills & Utilities,Sale,-70.35,
04/08/2024,04/09/2024,WEST MIDLAND SAFAI PAR,Entertainment,Sale,-53.77,
04/08/2024,04/09/2024,AMZN Mktp US*MF56T19K3,Shopping,Sale,-14.09,
04/08/2024,04/09/2024,WEST MIDLAND SAFAI PAR,Entertainment,Sale,-1.27,
04/08/2024,04/09/2024,WMSP,Entertainment,Sale,-202.43,
04/07/2024,04/08/2024,TENPIN LTD - 206,Health & Wellness,Sale,-9.84,
04/07/2024,04/08/2024,TENPIN LTD - 206,Health & Wellness,Sale,-23.96,
04/06/2024,04/07/2024,NYX*Roadchef,Food & Drink,Sale,-3.80,
04/05/2024,04/07/2024,Brockhole Caf?,Food & Drink,Sale,-4.44,
04/06/2024,04/07/2024,NYA*Lakes Parish Counc,Groceries,Sale,-0.76,
04/06/2024,04/07/2024,NYA*Lakes Parish Counc,Groceries,Sale,-0.76,
04/05/2024,04/07/2024,ZIP WORLD LIMITED,Entertainment,Sale,-31.72,
04/05/2024,04/07/2024,Jintana Thai Restaurant,Food & Drink,Sale,-141.51,
04/06/2024,04/07/2024,LOWTHER CASTLE,Food & Drink,Sale,-19.55,
04/05/2024,04/07/2024,Brockhole Caf?,Food & Drink,Sale,-24.55,
04/04/2024,04/05/2024,NYX*LRS,Food & Drink,Sale,-1.90,
04/04/2024,04/05/2024,BKG*HOTEL AT BOOKING.C,Travel,Sale,-160.73,
04/03/2024,04/04/2024,SANGEETHA VEGETARIAN REST,Food & Drink,Sale,-104.08,
04/02/2024,04/03/2024,TFL TRAVEL CH,Travel,Sale,-4.40,
04/02/2024,04/03/2024,T K MAXX,Shopping,Sale,-33.77,
04/02/2024,04/03/2024,TFL TRAVEL CH,Travel,Sale,-2.20,
04/01/2024,04/02/2024,TFL TRAVEL CH,Travel,Sale,-8.10,
03/31/2024,04/02/2024,UNITED      0164289114969,Travel,Sale,-75.00,
04/01/2024,04/02/2024,FASTRAK CSC,Travel,Sale,-25.00,
04/01/2024,04/02/2024,GREGGS PLC,Food & Drink,Sale,-2.34,
03/30/2024,04/01/2024,STARBUCKS INT ARR SFO,Food & Drink,Sale,-28.36,
03/31/2024,04/01/2024,GWR LONDON PADD GT,Travel,Sale,-52.87,
03/31/2024,04/01/2024,WWW.HEATHROWEXPRESS.CO,Travel,Sale,-31.62,
03/29/2024,03/31/2024,NETFLIX.COM,Bills & Utilities,Sale,-15.49,
03/31/2024,03/31/2024,DD DOORDASH DOSAHUT,Food & Drink,Sale,-34.32,
03/30/2024,03/31/2024,MINT MOBILE,Bills & Utilities,Sale,-11.82,
03/30/2024,03/31/2024,MINT MOBILE,Bills & Utilities,Sale,-11.82,
03/30/2024,03/31/2024,CVS/PHARMACY #09600,Health & Wellness,Sale,-3.02,
03/29/2024,03/31/2024,TARGET        00014225,Shopping,Sale,-142.36,
03/28/2024,03/29/2024,CHIPOTLE 1031,Food & Drink,Sale,-11.63,
03/28/2024,03/29/2024,DD DOORDASH BHIMAVARA,Food & Drink,Sale,-26.44,
03/27/2024,03/28/2024,VENDING MACHINE,Groceries,Sale,-17.00,
03/27/2024,03/28/2024,DD DOORDASH CHAATBHAV,Food & Drink,Sale,-24.02,
03/26/2024,03/27/2024,COSTCO GAS #1660,Gas,Sale,-53.71,
03/26/2024,03/27/2024,COSTCO WHSE #1660,Shopping,Sale,-102.34,
03/25/2024,03/27/2024,IN *AK BADMINTON &amp; TENNIS,Shopping,Sale,-203.96,
03/24/2024,03/25/2024,TOPRESUME USPACKAGE,Professional Services,Sale,-314.00,
03/22/2024,03/24/2024,PY *CAULDRON ICECREAM,Food & Drink,Sale,-16.52,
03/22/2024,03/24/2024,SCRIBD 626042520,Entertainment,Sale,-11.99,
03/21/2024,03/24/2024,CVS/PHARMACY #09600,Health & Wellness,Sale,-29.54,
03/22/2024,03/24/2024,WHOLEFDS FRE #10467,Groceries,Sale,-35.55,
03/21/2024,03/21/2024,AUTOMATIC PAYMENT - THANK,,Payment,1851.70,
03/19/2024,03/21/2024,STARBUCKS STORE 05286,Food & Drink,Sale,-7.45,
03/20/2024,03/21/2024,STRIZZI'S FREMONT,Food & Drink,Sale,-110.00,
03/18/2024,03/20/2024,60775 - SFO PARKING IT-G,Travel,Sale,-8.00,
03/20/2024,03/20/2024,SP BADMINTONDIRECT,Shopping,Sale,-5.00,
03/19/2024,03/20/2024,FASTRAK CSC,Travel,Sale,-25.00,
03/17/2024,03/19/2024,SPROUTS FARMERS MAR,Groceries,Sale,-155.62,
03/16/2024,03/17/2024,NETFLIX.COM,Bills & Utilities,Sale,-6.99,
03/14/2024,03/14/2024,LinkedIn Pre 9337773416,Bills & Utilities,Sale,-39.99,
03/12/2024,03/13/2024,GOOGLE *Disney Mobile,Bills & Utilities,Sale,-10.99,
03/12/2024,03/13/2024,DD DOORDASH CHIPOTLEM,Food & Drink,Sale,-16.66,
03/13/2024,03/13/2024,eBay O*25-11293-49555,Shopping,Sale,-8.36,
03/13/2024,03/13/2024,eBay O*25-11293-49556,Shopping,Sale,-15.55,
03/11/2024,03/12/2024,COSTCO WHSE #1660,Shopping,Sale,-145.90,
03/10/2024,03/11/2024,RAMESHWARAM CAFE,Food & Drink,Sale,-11.52,
03/08/2024,03/11/2024,K1 SPEED SANTA CLARA PADD,Food & Drink,Sale,-8.76,
03/10/2024,03/11/2024,RAMESHWARAM CAFE,Food & Drink,Sale,-37.32,
03/10/2024,03/11/2024,RAMESHWARAM CAFE,Food & Drink,Sale,-12.13,
03/09/2024,03/11/2024,AMC 0456 NEWPARK 12,Entertainment,Sale,-16.00,
03/08/2024,03/10/2024,DULHAN INC,Groceries,Sale,-6.99,
03/08/2024,03/10/2024,LUCKY #712 FREMONT,Groceries,Sale,-4.49,
03/07/2024,03/10/2024,APNI MANDI FARMERS MAR,Groceries,Sale,-163.84,
03/08/2024,03/10/2024,DD *CHAATBHAVAN,Food & Drink,Sale,-42.24,
03/08/2024,03/10/2024,LUCKY #712 FREMONT,Groceries,Sale,-9.91,
03/07/2024,03/08/2024,76 - CF UNITED APRO LL,Gas,Sale,-55.75,
03/06/2024,03/07/2024,TST* CURRY PIZZA HOUSE -,Food & Drink,Sale,-55.61,
03/07/2024,03/07/2024,THRIFT BOOKS GLOBAL  LLC,Shopping,Sale,-24.02,
03/06/2024,03/06/2024,NETFLIX.COM,Bills & Utilities,Return,15.49,
03/04/2024,03/06/2024,LUCKY #712 FREMONT,Groceries,Sale,-45.21,
03/04/2024,03/05/2024,FASTRAK CSC,Travel,Sale,-25.00,
03/05/2024,03/05/2024,NETFLIX.COM,Bills & Utilities,Sale,-15.49,
03/01/2024,03/03/2024,DOSA HUT,Food & Drink,Sale,-6.60,
03/01/2024,03/03/2024,DOSA HUT,Food & Drink,Sale,-14.52,
02/28/2024,03/01/2024,APNI MANDI FARMERS MAR,Groceries,Sale,-66.89,
02/29/2024,03/01/2024,SSP*CABadminton,Entertainment,Sale,-81.49,
02/29/2024,02/29/2024,AMZN Mktp US*RW1YB4KP1,Shopping,Sale,-44.09,
02/28/2024,02/29/2024,COSTCO GAS #1660,Gas,Sale,-29.60,
02/28/2024,02/29/2024,COSTCO WHSE #1660,Shopping,Sale,-110.89,
02/27/2024,02/29/2024,LEGO - 709,Shopping,Sale,-75.40,
02/27/2024,02/28/2024,SQ *BIRYANI JUNCTION,Home,Sale,-43.15,
02/27/2024,02/28/2024,ROCKY MOUNTAIN CHOCOLATE,Food & Drink,Sale,-23.72,
02/28/2024,02/28/2024,ALAMEDA COUNTY WATER,Bills & Utilities,Sale,-185.58,
02/26/2024,02/27/2024,DULHAN INC,Groceries,Sale,-15.09,
02/22/2024,02/23/2024,SCRIBD 626042520,Entertainment,Sale,-11.99,
02/22/2024,02/23/2024,LORI'S HAIR AND NAILS,Personal,Sale,-20.00,
02/21/2024,02/22/2024,COSTCO GAS #0778,Gas,Sale,-42.58,
02/21/2024,02/21/2024,AUTOMATIC PAYMENT - THANK,,Payment,1896.33,
02/20/2024,02/21/2024,CVS/PHARMACY #09600,Health & Wellness,Sale,-33.02,
02/18/2024,02/20/2024,SPROUTS FARMERS MAR,Groceries,Sale,-79.35,
02/18/2024,02/19/2024,COCONUT HILL,Groceries,Sale,-95.01,
02/17/2024,02/18/2024,COSTCO GAS #1660,Gas,Sale,-70.60,
02/17/2024,02/18/2024,TST* CHAAT BHAVAN FREMONT,Food & Drink,Sale,-72.20,
02/16/2024,02/18/2024,NIRVANAAH INC,Food & Drink,Sale,-5.25,
02/15/2024,02/18/2024,SPECIALTYS CAFE  BAKERY,Food & Drink,Sale,-13.06,
02/16/2024,02/16/2024,SP BADMINTONDIRECT,Shopping,Sale,-41.88,
02/15/2024,02/16/2024,BA@ADBTEMPLATE,Food & Drink,Sale,-6.25,
02/15/2024,02/16/2024,BA MOBILE@ADOBE CAFE,Food & Drink,Return,7.50,
02/15/2024,02/16/2024,BA MOBILE@ADOBE CAFE,Food & Drink,Sale,-7.50,
02/15/2024,02/16/2024,COSTCO GAS #1660,Gas,Sale,-41.58,
02/14/2024,02/15/2024,CHIPOTLE 1031,Food & Drink,Sale,-38.49,
02/12/2024,02/13/2024,AMZN Mktp US*RI0Q431E0,Shopping,Sale,-44.51,
02/12/2024,02/13/2024,AMZN Mktp US*RB3Q96RD2,Shopping,Sale,-29.43,
02/12/2024,02/13/2024,GOOGLE *Disney Mobile,Bills & Utilities,Sale,-10.99,
02/12/2024,02/12/2024,Amazon Prime,Bills & Utilities,Return,70.50,
02/10/2024,02/11/2024,SYNERGY BADMINTON ACADEM,Health & Wellness,Sale,-45.00,
02/08/2024,02/09/2024,COSTCO GAS #1660,Gas,Sale,-44.85,
02/08/2024,02/09/2024,COSTCO WHSE #0778,Shopping,Sale,-67.53,
02/08/2024,02/09/2024,CHIPOTLE 1031,Food & Drink,Sale,-11.63,
02/08/2024,02/09/2024,COCONUT HILL,Groceries,Sale,-13.77,
02/08/2024,02/09/2024,COCONUT HILL,Groceries,Sale,-114.94,
02/08/2024,02/09/2024,CHEVRON 0098168,Gas,Sale,-4.94,
02/05/2024,02/06/2024,THE UPS STORE 3145,Personal,Sale,-23.96,
02/05/2024,02/06/2024,FEDEX OFFIC51500051599,Personal,Sale,-0.89,
02/05/2024,02/06/2024,THE UPS STORE 3145,Personal,Sale,-75.16,
02/04/2024,02/06/2024,AAPPAKADAI,Food & Drink,Sale,-115.00,
02/03/2024,02/04/2024,AMZN Mktp US*R22CS5DK2,Shopping,Sale,-44.09,
02/03/2024,02/04/2024,Netflix.com,Bills & Utilities,Sale,-15.49,
02/02/2024,02/04/2024,BASKIN #361217,Food & Drink,Sale,-3.75,
02/01/2024,02/02/2024,SQ *BIRYANI JUNCTION,Home,Sale,-6.63,
01/31/2024,02/02/2024,85C BAKERY CAFE USA,Food & Drink,Sale,-10.50,
02/01/2024,02/02/2024,COSTCO WHSE #1660,Shopping,Sale,-209.81,
02/01/2024,02/02/2024,SQ *BIRYANI JUNCTION,Home,Sale,-7.74,
02/01/2024,02/02/2024,SQ *BIRYANI JUNCTION,Home,Sale,-14.39,
01/30/2024,02/01/2024,AURUM,Food & Drink,Sale,-142.00,
01/30/2024,01/31/2024,AMZN Mktp US*R02VA96B1,Shopping,Sale,-34.60,
01/29/2024,01/30/2024,WHOLEFDS FRE #10467,Groceries,Sale,-28.34,
01/25/2024,01/28/2024,SPECIALTYS CAFE  BAKERY,Food & Drink,Sale,-4.40,
01/25/2024,01/28/2024,SPECIALTYS CAFE  BAKERY,Food & Drink,Sale,-18.46,
01/24/2024,01/26/2024,STARBUCKS STORE 05286,Food & Drink,Sale,-7.30,
01/24/2024,01/26/2024,SPROUTS FARMERS MAR,Groceries,Sale,-61.16,
01/24/2024,01/25/2024,COSTCO GAS #0778,Gas,Sale,-27.77,
01/24/2024,01/25/2024,SYNERGY BADMINTON ACADEM,Health & Wellness,Sale,-45.00,
01/24/2024,01/25/2024,AMZN Mktp US*R89E009G1,Shopping,Sale,-4.40,
01/21/2024,01/22/2024,UKVI 3030042634160,Bills & Utilities,Sale,-152.00,
01/21/2024,01/22/2024,UKVI 3030042634399,Bills & Utilities,Sale,-152.00,
01/21/2024,01/22/2024,MED*STANFORD HEALTH CARE,Health & Wellness,Sale,-30.00,
01/21/2024,01/22/2024,DULHAN INC,Groceries,Sale,-13.40,
01/21/2024,01/21/2024,AUTOMATIC PAYMENT - THANK,,Payment,33.11,
01/20/2024,01/21/2024,76 - NW2611220 ASD2 NO,Gas,Sale,-46.05,
01/18/2024,01/19/2024,DD DOORDASH BHIMAVARA,Food & Drink,Sale,-31.02,
01/17/2024,01/18/2024,TST* ICICLES - NEWARK,Food & Drink,Sale,-12.00,
01/18/2024,01/18/2024,AMZN Mktp US*R82KK2LU2,Shopping,Sale,-14.89,
01/15/2024,01/16/2024,COCONUT HILL,Groceries,Sale,-11.08,
01/14/2024,01/15/2024,COCONUT HILL,Groceries,Sale,-79.75,
01/12/2024,01/14/2024,GOOGLE *Disney Mobile,Shopping,Sale,-10.99,
01/14/2024,01/14/2024,Amazon.com*RT1MF51H1,Shopping,Sale,-75.00,
01/13/2024,01/14/2024,TEMU.COM,Shopping,Sale,-48.98,
01/10/2024,01/11/2024,MINT MOBILE,Bills & Utilities,Sale,-106.86,
01/10/2024,01/11/2024,SYNERGY BADMINTON ACADEM,Health & Wellness,Sale,-67.50,
01/10/2024,01/11/2024,SYNERGY BADMINTON ACADEM,Health & Wellness,Sale,-45.00,
01/09/2024,01/11/2024,85C BAKERY CAFE USA,Food & Drink,Sale,-11.40,
01/09/2024,01/11/2024,TARGET        00014225,Shopping,Sale,-170.39,
01/09/2024,01/10/2024,DD DOORDASH CHAATBHAV,Food & Drink,Sale,-21.80,
01/07/2024,01/08/2024,COCONUT HILL,Groceries,Sale,-24.31,
01/05/2024,01/08/2024,CHARTER LIQUORS,Groceries,Sale,-12.23,
01/07/2024,01/08/2024,COCONUT HILL,Groceries,Sale,-102.43,
01/07/2024,01/08/2024,DULHAN INC,Groceries,Sale,-12.10,
01/06/2024,01/07/2024,TST* BOMBAY PIZZA HOUSE,Food & Drink,Sale,-36.80,
01/03/2024,01/04/2024,COSTCO WHSE #0778,Shopping,Return,235.81,
01/03/2024,01/04/2024,COSTCO WHSE #0778,Shopping,Sale,-80.24,
01/03/2024,01/04/2024,KOHL'S #0759,Shopping,Sale,-30.43,
01/02/2024,01/03/2024,COSTCO GAS #0778,Gas,Sale,-43.19,
01/02/2024,01/03/2024,COCONUT HILL,Groceries,Sale,-71.54,
12/31/2023,01/01/2024,TEMU.COM,Shopping,Sale,-27.92,
12/30/2023,01/01/2024,LUCKY #712 FREMONT,Groceries,Sale,-12.53,
